{
    "Accuracy": 0.8982333882723051,
    "Precision": 0.47219713480843134,
    "Recall": 0.9922224902092119,
    "F1 Score": 0.6165094683048469
}